CreditCard,,
CreditCard_number,ExpireDate,Customer_id
4911593574635410000,09/29/2026 11:56,443
3554343334307010,06/27/2026 01:32,374
5002358977864180,5/12/2026 23:23,715
3539891392212880,7/11/2026 19:15,140
564182055825824000,04/16/2026 01:05,825
5100146511130110,09/29/2026 14:24,358
3546343050939450,4/7/2026 9:19,912
3563857886555380,4/4/2026 0:52,650
67092660549559400,9/6/2026 0:44,383
5108755625590900,9/12/2026 23:51,907
3556459752168810,4/3/2026 18:22,944
503828111512366000,10/9/2026 12:29,856
6771148860805720000,07/26/2026 09:09,507
3584922990802670,09/23/2026 15:34,728
30531202237465,4/3/2026 18:22,54
3555793636660180,4/3/2026 18:22,514
5048375536527640,03/30/2026 19:38,768
5602238740175860,04/25/2026 15:33,77
30130614929775,4/3/2026 18:22,604
4917642690462210,09/22/2026 12:22,834
4917084099654480,7/8/2026 13:49,207
3576523317528690,4/3/2026 18:22,384
3564037003551680,08/20/2026 23:23,760
30295832051478,4/3/2026 18:22,589
67634434993563900,09/29/2026 15:32,575
30443735888527,03/31/2026 13:40,479
5002351199663220,06/24/2026 07:31,208
3539970910523160,06/23/2026 03:06,329
676193037534863000,7/2/2026 13:33,237
5002358875783230,09/26/2026 18:43,644
4041593717666070,08/14/2026 02:31,912
560224300679688000,03/17/2026 04:23,706
3545065312808460,07/27/2026 01:57,709
502090964455951000,4/3/2026 18:22,60
5364697559764230,05/27/2026 19:25,76
3587420884332350,04/29/2026 12:00,484
5048376860893590,06/17/2026 17:59,940
3584989137922610,4/3/2026 18:22,192
3564157957332640,9/8/2026 13:58,149
5007668998338250,4/7/2026 3:13,17
3546204555323090,05/25/2026 08:45,270
201888328192005,08/29/2026 07:32,337
3587099313261580,7/7/2026 16:01,959
5602239236199470,8/3/2026 22:42,999
4017953710764780,08/30/2026 22:48,698
3553995561997550,7/3/2026 2:13,611
5602231848710320,10/7/2026 23:27,662
6763703553008940000,6/2/2026 7:07,207
3533349934511180,6/12/2026 3:52,151
3535767597294210,07/25/2026 14:40,461
6767912361088580000,6/8/2026 10:36,148
5641822625273100,8/8/2026 16:14,363
3540779827781950,07/19/2026 20:54,66
3560486690240320,10/9/2026 15:43,732
3572642305765410,05/13/2026 02:21,749
374622651773656,10/6/2026 19:15,789
6370054274804100,03/27/2026 06:54,32
5251970921223180,03/25/2026 09:24,313
3580682371953380,05/18/2026 09:12,397
337941624103585,10/13/2026 12:55,914
676204969683449000,10/1/2026 13:16,908
5602238479281820,6/5/2026 21:43,870
3582994729962820,6/1/2026 23:27,23
5108757767913340,04/29/2026 04:43,101
347807528443583,07/19/2026 14:40,482
3546565372804780,4/11/2026 17:19,938
201610577528683,09/24/2026 12:22,336
30134778276973,05/18/2026 01:25,161
4905910999024240,09/28/2026 20:54,456
3567571331913950,06/21/2026 18:55,719
5007667230727820,07/17/2026 03:08,285
374622227429171,5/11/2026 11:43,102
3554360466101380,08/23/2026 10:14,175
30247613627455,07/22/2026 03:46,918
6709635681764190,06/24/2026 19:02,522
3546158370564030,03/25/2026 05:41,325
4508257433998780,10/5/2026 0:43,266
6763712048980110,10/5/2026 8:53,985
3541525104394370,04/18/2026 01:08,34
3528926593413770,5/11/2026 6:27,717
370727526739487,06/22/2026 04:59,492
3551881059095280,09/13/2026 06:11,906
5602225811229670000,09/21/2026 22:07,444
3566036541005760,10/7/2026 15:00,978
3555914170588060,9/9/2026 1:24,949
30517200276167,06/21/2026 12:53,31
3530219553578350,03/25/2026 09:24,211
30212434691627,03/22/2026 01:39,7
5893072070249950,8/12/2026 21:29,602
3589641602940820,06/19/2026 13:52,744
3538384432496220,03/14/2026 19:52,7
374288854044707,04/14/2026 13:15,66
374622978159555,08/17/2026 19:02,407
3563509201109520,10/7/2026 21:56,263
30021057221541,05/14/2026 05:11,286
3567159745992170,8/4/2026 13:05,479
3539099338390630,4/2/2026 14:17,357
3579683482224930,10/13/2026 10:20,199
3541799790879670,05/30/2026 02:31,903
3582787069065000,6/2/2026 22:23,955
6042260383874440,10/10/2026 6:27,872
30067071608056,07/13/2026 17:34,705
3539707970933380,06/23/2026 15:47,850
5602223977506940,8/12/2026 13:41,414
30363447278710,8/10/2026 12:29,92
5237021999481420,06/23/2026 13:04,401
30443999586536,7/6/2026 17:39,430
201929085755178,7/8/2026 16:43,228
6761211869031700000,09/22/2026 20:30,468
3540138577191850,04/20/2026 23:25,818
3568251643365140,9/1/2026 6:02,703
6397937713591840,4/3/2026 18:35,673
6304044462711450,03/17/2026 15:26,187
3528095905637540,05/16/2026 12:48,609
4175004577768460,5/11/2026 6:14,988
5530370989590920,03/24/2026 22:15,993
5020139721708390,8/8/2026 14:07,504
5534232535664060,06/17/2026 14:38,559
5610444192386400000,08/21/2026 03:37,496
30502434461892,06/13/2026 21:10,437
5602218951096600,05/22/2026 06:52,727
3538114311445050,07/25/2026 12:37,64
4026541228758520,04/26/2026 20:50,962
30233051182385,03/28/2026 18:32,769
5130763231487900,06/30/2026 06:16,145
6334464219665150,8/4/2026 8:39,419
4041591128028840,10/8/2026 4:27,812
6304272625424060000,07/22/2026 10:02,719
6334533779469560000,06/15/2026 05:33,843
4026154072261890,03/25/2026 19:43,279
5602242865295140,07/31/2026 06:44,69
3536446235033490,9/12/2026 16:48,32
3564817202501970,05/13/2026 21:57,691
3552792317893690,06/20/2026 10:11,100
3561391220642360,09/21/2026 17:27,678
490534407773590000,6/1/2026 2:20,673
6767809913104900,03/19/2026 15:21,840
5108759513998480,4/6/2026 4:56,153
6709228920611120,9/1/2026 7:50,406
3531583469840230,9/6/2026 11:35,885
3579415261654230,6/11/2026 10:57,999
3584701652516950,4/2/2026 14:03,12
6378829875948450,03/23/2026 14:51,370
3537060792481850,04/23/2026 10:13,340
5010121402623280,03/24/2026 22:15,6
6334620350462310000,07/15/2026 18:53,615
5610314543398600,07/19/2026 04:17,828
3556577303485370,5/8/2026 21:05,294
63042653157683100,06/16/2026 22:44,538
633110269280794000,5/11/2026 20:37,93
5317627106626200,09/25/2026 17:57,716
3534266651890160,08/17/2026 19:51,145
4917311091804850,04/14/2026 21:42,46
3536386290515960,7/11/2026 12:02,848
589385402511004000,9/4/2026 13:24,533
30290024647522,06/22/2026 06:36,924
30560228360126,07/16/2026 17:47,642
3550930780430210,05/29/2026 07:45,258
4917355108402200,09/18/2026 05:31,52
3553058460653100,10/8/2026 4:17,32
6378422405541510,05/30/2026 03:01,428
5610691278576440,10/3/2026 1:46,696
589361519706265000,08/13/2026 05:28,784
5002359404938210,05/22/2026 01:47,30
3573996209260000,04/27/2026 11:51,46
633478121106737000,06/13/2026 04:07,103
491138549832483000,9/2/2026 5:38,39
5602213924595370,04/26/2026 03:26,479
3548926142681040,9/2/2026 0:55,222
5436185759835840,04/14/2026 09:33,292
30012977355329,07/25/2026 00:01,317
633351771289372000,09/27/2026 09:18,373
5002358566476240,5/5/2026 20:43,695
3531762261632960,5/5/2026 9:30,595
490583447396224000,5/3/2026 6:27,664
3570422347488850,09/25/2026 21:46,398
3589660205444090,05/31/2026 01:40,182
3549185379466640,8/5/2026 22:23,503
201828743643877,8/4/2026 10:12,169
5020411501248520000,07/29/2026 13:21,416
5602210989732860,4/7/2026 5:54,899
50385820099335500,7/4/2026 16:00,892
3559696999465070,09/15/2026 08:01,189
6334757744565030,05/28/2026 21:43,928
201622171851346,4/10/2026 7:52,833
4017951449123,05/26/2026 14:31,914
490527222009198000,4/8/2026 16:09,155
3546437032954960,4/2/2026 19:46,526
201413730124148,10/4/2026 2:34,713
3530407959071920,6/8/2026 4:36,389
4905500530426730,9/4/2026 0:21,928
564182014030723000,09/15/2026 14:25,416
5602245165871440,04/26/2026 23:09,888
3578267973075730,6/3/2026 5:54,340
5108754109613180,08/15/2026 03:06,70
5602215277050330,10/10/2026 12:17,248
4936245184839260000,5/5/2026 9:30,244
6762094516756370000,10/7/2026 2:04,582
3543371687187520,10/10/2026 16:11,678
5602256229003700000,07/20/2026 12:56,643
30457660061843,09/20/2026 11:32,777
3543271820952950,08/15/2026 17:24,193
67090510180147000,7/1/2026 14:59,58
3547717924742170,10/8/2026 11:53,388
6767838964374520000,7/2/2026 7:38,748
604059478798313,7/6/2026 10:57,120
3574121078692410,9/3/2026 16:43,657
201846903740978,04/29/2026 09:25,420
30492576919008,07/19/2026 14:43,881
3540498348397160,08/15/2026 10:56,551
6763066110785550,5/3/2026 15:47,780
6379911187873510,09/27/2026 19:41,97
3571284507771120,06/29/2026 22:35,339
3579735795916980,03/18/2026 06:06,771
503805699965683000,5/7/2026 9:43,838
6334343230516310,06/20/2026 02:58,10
3576914906509870,04/16/2026 15:30,814
5430638257013590,06/24/2026 09:01,681
5010127372706200,05/26/2026 22:34,482
3579764458439100,04/28/2026 19:09,4
5010127814540320,06/24/2026 04:40,820
3570477135351320,03/21/2026 18:29,924
3533622607082860,8/6/2026 10:35,601
561044191518974000,9/10/2026 2:55,723
5529499031445940,4/11/2026 14:40,108
4936160953698210000,09/27/2026 17:01,996
5610693888688830,07/27/2026 16:35,141
3555924690136210,4/3/2026 5:18,511
3540981484104620,6/2/2026 14:04,845
3560197775902370,05/23/2026 13:12,478
4911843126286760000,5/7/2026 20:40,11
3576018050705480,06/15/2026 00:39,317
5602225864650680000,05/15/2026 08:53,479
341818318529537,05/18/2026 11:18,181
3531788803102090,09/26/2026 06:53,559
3586707787584590,10/1/2026 2:01,361
3562507993128780,03/14/2026 18:07,733
3578664010318510,7/8/2026 13:46,889
30585258989312,08/21/2026 04:54,489
5020426180826650,5/1/2026 18:33,819
3552457270044910,5/3/2026 6:38,280
3589095581637230,09/15/2026 03:25,955
4844856827843520,04/19/2026 11:29,592
3567396127442530,6/7/2026 12:16,42
3533780572017220,5/7/2026 9:30,585
372301312482831,06/18/2026 04:14,272
3540843891471180,06/21/2026 02:16,176
4026894719379830,4/11/2026 14:40,11
6767029683970090,09/23/2026 17:30,158
3548332898487940,04/29/2026 06:59,541
5602220437024490,9/12/2026 20:00,719
201839433331103,7/4/2026 15:06,643
5010121259602230,4/4/2026 10:06,19
3542911526898480,07/21/2026 19:28,133
5415199096849740,10/10/2026 13:00,459
5210093162801230,9/11/2026 23:51,212
5893572488982530,07/16/2026 13:18,844
3552312827897560,07/29/2026 06:15,907
5108752669452490,6/9/2026 14:32,809
675952458817379000,7/4/2026 1:20,180
3585586994967650,9/2/2026 14:59,988
3557856024733310,04/17/2026 02:36,131
3540686537027210,03/17/2026 10:22,942
6391908586306000,7/7/2026 5:10,589
6762023683990490000,7/11/2026 16:26,222
3554741420675430,9/1/2026 20:18,417
201503703395723,05/17/2026 11:39,353
3556709104381910,7/6/2026 13:04,699
3540030678935090,04/14/2026 10:17,555
347660560383914,05/27/2026 04:14,819
6767304579487050000,7/4/2026 7:24,376
4903162043295180,09/20/2026 17:57,928
3585189696861780,6/1/2026 20:13,113
5215387098053730,4/1/2026 22:11,900
5100145474152780,10/12/2026 6:31,351
3564501029324690,7/7/2026 4:21,25
3562254568047550,05/15/2026 20:49,331
5602210130419260,10/3/2026 6:10,841
5108759384082560,4/9/2026 12:00,629
3578056175727580,07/20/2026 11:16,205
5602249903954250,06/23/2026 07:48,274
3532656217099940,5/9/2026 8:13,121
3581870467843610,03/20/2026 13:26,470
30045730655668,04/23/2026 02:46,403
3539355350187180,03/23/2026 18:48,48
5108757211472670,8/7/2026 18:32,625
3545662344150220,06/13/2026 06:56,199
5610874243447030000,05/15/2026 05:09,924
4844405536049740,03/31/2026 10:11,859
4405035171020490,09/14/2026 02:39,666
6390832853596850,4/12/2026 8:35,300
3535463359944920,9/8/2026 13:18,61
4844691931572670,03/28/2026 17:13,650
6761239159407600000,07/28/2026 16:30,537
3579532327338050,06/18/2026 19:41,836
3554950810463310,09/18/2026 16:44,629
4840515883637280,03/18/2026 06:37,579
3565495695249570,6/12/2026 3:40,29
67098655813008100,7/7/2026 20:59,548
30006271673866,07/24/2026 00:38,324
5002356133763500,4/7/2026 17:39,114
67631304995876600,09/30/2026 20:10,630
3540209526742730,09/23/2026 00:06,527
3580875901399520,04/15/2026 15:41,828
3563452717021610,6/12/2026 3:33,701
3548756066141720,06/14/2026 01:23,910
493691287681761000,09/29/2026 11:14,934
56022571889815100,06/27/2026 05:25,236
3571902753616570,10/9/2026 15:15,546
30546943552352,7/12/2026 0:06,48
5602220099465580,05/15/2026 20:49,29
5100131409754730,6/2/2026 10:53,444
349843970226091,05/30/2026 11:34,860
374288949965445,04/29/2026 15:10,864
3534936629515160,05/28/2026 14:24,925
6376171858987770,03/20/2026 04:57,441
6371814539811090,4/3/2026 2:05,103
3549887529597070,6/2/2026 0:16,886
348109740304704,07/19/2026 23:57,119
5185747151387780,05/22/2026 00:09,960
4913176072953200,04/14/2026 02:25,734
3540650524787920,05/26/2026 02:33,178
3540943095994840,08/13/2026 05:30,135
3589395658796820,06/26/2026 14:09,502
5602235567028040,8/8/2026 18:44,389
633467061734403000,04/26/2026 14:16,385
5542366505887280,4/11/2026 1:32,535
345196172690364,07/23/2026 07:56,30
63049204548978300,03/20/2026 03:53,426
4903504812495240,07/16/2026 02:58,192
675992523332469000,03/26/2026 14:10,751
30096572568782,05/27/2026 17:51,377
6767894015857780000,8/2/2026 3:41,944
3551114950732850,6/9/2026 0:29,497
3576933208159820,09/15/2026 16:17,385
3570290316367440,06/26/2026 04:32,307
3580589379155550,10/4/2026 18:01,129
3533912841257590,07/24/2026 17:05,981
5007668408008700,04/16/2026 15:48,756
3561120270470000,8/6/2026 3:39,342
30035411053382,07/19/2026 19:34,766
604426616253552,07/23/2026 01:32,441
5602225303555700,7/2/2026 11:27,327
5602233416080060,7/6/2026 4:45,752
5610979634221740,7/10/2026 11:07,192
6331109603187720,06/18/2026 19:09,286
5610345985875670,07/28/2026 07:11,319
3534554132104020,04/19/2026 10:39,931
3544053654950370,5/12/2026 17:04,383
6331102486798940000,6/3/2026 21:09,461
675930923048587000,8/7/2026 18:09,677
3568098927196740,09/21/2026 15:29,902
4198531114247430,7/12/2026 13:05,936
345820027861835,04/19/2026 08:53,378
30141510227883,08/28/2026 01:46,269
374288264006494,9/4/2026 9:57,235
30014514613715,04/26/2026 17:03,253
4917994196982280,10/10/2026 5:03,622
3574010140373970,8/10/2026 12:45,501
3550631645851690,6/8/2026 1:45,45
3576415005345650,09/29/2026 23:01,58
5610043652531320,06/13/2026 14:09,836
3560197299622450,5/5/2026 4:08,257
5412465981940890,9/3/2026 3:44,915
3586145178757390,5/1/2026 13:07,8
3530136998848990,03/16/2026 02:27,660
4844888604698960,7/9/2026 13:19,535
3566533741699450,9/8/2026 3:37,803
3554896823916470,06/29/2026 21:29,773
3530009390059890,05/21/2026 14:27,887
6763264687804950000,05/22/2026 17:07,787
3540127855225630,08/27/2026 22:29,232
5893844531139230,04/29/2026 01:28,262
5002358391947050,4/1/2026 18:28,349
3531462766504920,05/13/2026 12:19,72
3568868312555510,6/3/2026 18:37,685
501864019816078000,04/26/2026 20:43,244
3574241149302160,05/24/2026 05:43,254
6370008507322200,9/8/2026 2:59,422
3563473511902170,7/2/2026 6:07,228
6709042367295370,04/29/2026 02:31,327
3571718695013780,07/28/2026 19:16,592
6384929850437150,08/28/2026 19:02,876
3577825619071650,08/27/2026 06:10,126
375787185222402,05/27/2026 06:53,48
5602235784781750,06/26/2026 11:57,999
5602250523142300,07/18/2026 01:30,542
3542243563789770,10/3/2026 10:09,200
3581115750452750,03/29/2026 16:04,34
3573945151108730,9/2/2026 8:10,281
6304121441579000,04/13/2026 03:43,411
6761534350648080000,10/4/2026 16:48,762
30463550560944,08/21/2026 10:39,388
3572423698704120,04/29/2026 07:25,724
3548077140185440,7/4/2026 22:55,935
5602257297581520000,4/7/2026 10:50,864
3572114279126130,03/26/2026 22:19,336
676204355677371000,10/9/2026 20:34,806
3573083266005330,9/2/2026 18:03,755
4917043552532150,5/5/2026 7:25,709
3531713533681350,4/2/2026 6:37,948
6040342114762250,07/22/2026 20:48,563
6763764794177750000,06/30/2026 00:23,593
3574055494993420,07/22/2026 13:07,685
3579370511474890,10/12/2026 12:35,366
3542004222950380,03/18/2026 14:18,196
3553165331139840,06/16/2026 19:55,231
3576837894456260,07/21/2026 17:03,922
3575580582272290,07/15/2026 03:13,773
5602256844172980,05/29/2026 19:55,755
493606654152531000,04/15/2026 07:24,477
3529035741417720,8/12/2026 4:14,779
201857715296935,09/27/2026 20:27,977
3550241065936680,03/27/2026 22:32,629
67716749545379300,05/14/2026 16:25,643
3574971985640540,06/19/2026 19:30,600
3579650155347430,09/28/2026 00:25,930
6759150839820680,9/12/2026 4:37,283
3541713433119040,04/28/2026 20:21,20
6376179379594210,04/27/2026 05:47,523
6763435078148570,09/28/2026 11:31,252
201741908436658,09/25/2026 10:41,397
3536853457000610,03/17/2026 07:49,167
3571181728054480,03/22/2026 21:25,750
490576639834876000,07/21/2026 15:19,615
4936290320215060,4/12/2026 6:06,332
3548935509488530,07/18/2026 10:41,645
5457222540473440,5/11/2026 0:39,562
3535312705383900,04/29/2026 04:33,492
3533846067836960,07/28/2026 11:40,599
3560443016004540,07/25/2026 22:01,274
5602219946633740,9/8/2026 3:53,770
5108753391284030,4/12/2026 18:49,758
4903700738850230000,10/9/2026 21:40,219
5602254435251980,6/10/2026 1:45,603
5100173855764350,07/19/2026 08:18,663
6767027972767280000,03/17/2026 22:19,451
6767025544529670,09/21/2026 07:07,69
6331104341064020000,10/11/2026 9:10,328
5100176032407120,06/19/2026 00:38,110
4026471761466790,04/18/2026 14:10,907
337941588619170,09/29/2026 14:10,608
6304485865744220000,08/30/2026 14:49,764
3562844862950880,04/26/2026 20:27,62
201734233539601,7/6/2026 8:29,178
5893278566274790,07/30/2026 15:09,141
3561606171267830,10/13/2026 17:14,413
3545413332423910,9/9/2026 15:09,696
3545189952493310,8/8/2026 23:31,393
493644924603907000,05/15/2026 00:11,743
5360346245400850,9/7/2026 22:31,43
30312930178762,4/12/2026 19:05,236
56022297491506000,10/3/2026 12:59,218
6763472833023060,09/29/2026 00:30,63
5545543397552830,09/21/2026 21:26,765
3558933626567640,05/29/2026 14:33,152
201927921241890,06/23/2026 23:11,501
30061806504276,06/13/2026 02:54,108
3528842829476100,10/2/2026 23:00,882
3538256356325160,9/4/2026 14:40,980
5602259638485120000,6/9/2026 23:35,365
3546059995691140,03/17/2026 06:19,192
4936787108304990000,06/17/2026 19:05,30
30572115341804,09/24/2026 15:31,536
4017951184172360,5/12/2026 21:12,164
3568821655509410,06/27/2026 01:09,60
676268210895700000,08/25/2026 05:19,978
3583151324107300,6/9/2026 11:31,963
5602238433561920,6/8/2026 18:16,849
5602247761320860,4/12/2026 4:34,611
3539062226366420,04/24/2026 18:26,727
4305781684254150,08/20/2026 15:31,256
201833144995314,06/29/2026 12:10,724
3559741439953290,05/28/2026 13:09,569
36891834948531,04/22/2026 11:56,496
5010121021134190,03/22/2026 15:00,39
502044276833180000,10/3/2026 16:40,749
201760784700300,07/14/2026 02:16,177
5108751370119350,8/2/2026 14:23,700
5641825573648130,06/25/2026 22:17,478
30050426689484,06/16/2026 19:12,485
3535732311483430,08/31/2026 19:27,822
3562332648905000,5/3/2026 6:42,370
5344086111207190,04/21/2026 03:39,639
3557810754643210,09/28/2026 08:16,491
630409501894242000,6/7/2026 12:56,399
675939180710761000,5/8/2026 2:00,519
201414418887980,06/18/2026 01:08,76
3541691561942510,5/9/2026 12:50,861
6762669315424280,05/18/2026 18:48,989
5529590921464860,09/30/2026 10:54,496
201493009747860,9/6/2026 16:38,360
6763981536193160,5/2/2026 5:35,993
201951198410475,05/30/2026 11:43,97
3569647481366260,07/26/2026 08:55,635
4905761841531000,09/15/2026 10:54,443
5602211051613450,05/13/2026 07:24,958
30144062367958,06/30/2026 20:19,219
4936561325747180000,5/7/2026 14:08,512
3534403852798880,09/30/2026 10:14,986
676731637202982000,03/18/2026 03:55,109
5641829710007570,04/21/2026 23:49,174
3546750562595830,03/29/2026 04:13,393
4903284216093970000,6/4/2026 19:46,208
633110070982936000,05/29/2026 03:24,492
5534701120884250,07/28/2026 16:43,72
60490042248354900,05/26/2026 07:08,730
676206777011957000,5/11/2026 10:26,204
374288519337207,5/3/2026 23:42,592
3553196590232760,5/12/2026 18:18,905
670921296388179000,4/12/2026 14:21,170
633454162512933000,09/25/2026 06:16,798
3532555964233420,09/13/2026 16:08,984
3568171823770520,09/22/2026 21:02,852
5641824368128310,4/12/2026 6:01,101
374283690134051,06/21/2026 06:50,613
3587022322488550,04/14/2026 19:26,960
5100133007823980,07/21/2026 00:16,100
4508178178233920,10/12/2026 22:40,354
5602214197376520,05/17/2026 03:39,667
5537607837623970,8/8/2026 11:29,125
3550187151643040,6/7/2026 20:28,740
5002356827297570,10/7/2026 1:00,304
676748117718789000,07/25/2026 15:42,827
6304593837438540,9/11/2026 0:19,248
30182566547444,4/4/2026 12:27,871
5100148832020840,05/24/2026 18:38,662
5127262397341480,7/4/2026 21:55,246
3546530709509720,7/12/2026 1:13,522
4844353651594430,09/27/2026 22:13,953
3532312176201660,09/19/2026 00:44,242
4917914853865620,04/18/2026 12:53,740
5602245233393330,10/8/2026 22:19,57
3528023740505880,8/5/2026 0:57,414
3586873640505390,5/2/2026 10:40,827
5229684760661030,7/9/2026 22:59,46
3568803570007270,5/7/2026 20:00,231
5610862728615080,07/17/2026 17:00,671
4175006469022260,03/15/2026 20:29,529
3574418167793320,10/9/2026 4:12,747
374288157474940,09/17/2026 05:40,128
3577089715481330,9/3/2026 13:48,478
3530143620216040,4/2/2026 19:37,449
201472550089245,05/15/2026 05:16,972
3547275686687640,05/27/2026 06:51,176
3564262382010110,03/15/2026 08:26,143
4017953369394,09/27/2026 05:46,356
4041374290682090,09/14/2026 02:03,231
5602248356344150,4/10/2026 18:07,842
374288749504519,9/12/2026 2:21,769
633324490749121000,09/15/2026 19:12,899
5641822657869590000,09/21/2026 11:05,922
6763493868992450000,7/7/2026 21:58,516
67067953458392500,9/12/2026 16:14,165
3532731863263040,7/9/2026 22:32,77
372301827447501,9/9/2026 21:50,556
372301419962503,09/15/2026 06:22,65
201755326894694,10/6/2026 4:02,544
3584815689370340,04/30/2026 01:08,358
6399965269384510,09/16/2026 15:08,601
6763692894283140,04/25/2026 01:11,545
3560046084273930,03/27/2026 21:15,79
5552507185828950,07/26/2026 18:57,422
5108758015231870,03/22/2026 04:40,201
5108754082061580,10/5/2026 22:51,495
3549222302471380,8/4/2026 11:29,999
3563190431211490,4/12/2026 12:44,198
3533397186943020,09/16/2026 07:43,947
5610711705534450,8/4/2026 10:32,555
3582025052455040,06/21/2026 12:31,848
3562061442362410,03/30/2026 02:37,543
3571412564339630,05/29/2026 12:44,421
56022221169311000,4/11/2026 6:46,920
560224292252977000,4/7/2026 17:10,806
5108753874660560,03/30/2026 09:15,637
67621114542917700,03/18/2026 15:03,306
5641820299359780000,06/26/2026 16:17,779
3579644112183560,7/4/2026 18:52,575
3580066364973470,03/31/2026 11:25,354
5255518587674000,08/15/2026 10:41,124
3556715025106810,06/30/2026 16:38,660
372301099211577,03/15/2026 19:42,64
201997203743368,5/11/2026 16:15,802
3578734223944700,03/26/2026 15:19,311
3529466869596360,09/30/2026 16:43,988
4936912778751230,06/25/2026 06:55,129
3583406346583080,5/4/2026 4:28,185
3582344704566930,7/9/2026 4:59,483
30350576549888,06/19/2026 03:02,410
6387613308241080,10/10/2026 0:39,213
3528899395177600,8/3/2026 11:58,399
6049315107131000,04/13/2026 16:08,27
4903165875481300000,10/13/2026 14:48,542
3551910914220140,08/24/2026 23:31,93
4508820682439050,09/22/2026 07:38,916
3546303912127890,5/9/2026 23:05,785
374283140494006,05/31/2026 18:40,123
4905395483253550000,7/4/2026 9:29,577
3541127417900820,8/2/2026 15:50,11
374622023216848,8/4/2026 3:35,275
3534476107106970,4/2/2026 10:50,270
6333134495671010000,06/17/2026 04:08,469
6395031565865060,06/20/2026 09:11,117
3563583983893710,10/3/2026 6:46,496
343245608751662,03/19/2026 00:53,945
3582975099892090,8/4/2026 4:49,498
3586008937062650,05/30/2026 07:51,995
3551797890324540,03/18/2026 21:10,239
3571633953242560,08/21/2026 16:02,689
3564646140034540,08/27/2026 00:59,269
3551277971988400,05/26/2026 07:46,764
3582999577672290,09/16/2026 01:22,518
67094071884931600,8/9/2026 9:52,558
3556500573897230,06/13/2026 10:45,886
3568667047685530,04/24/2026 21:18,456
3560544055965930,05/14/2026 06:43,399
6396991745134620,03/20/2026 14:41,154
67719183486675500,5/9/2026 10:10,436
5002358398211300,05/14/2026 23:11,805
3537102073360590,03/22/2026 08:34,231
5002350577224770,08/28/2026 08:27,213
3531500127364710,08/27/2026 11:11,726
5100139901569730,07/17/2026 06:08,849
3570429911307020,6/5/2026 20:09,514
3537181775372900,08/27/2026 17:07,43
5130548671830360,7/3/2026 18:17,534
5515790987496350,4/9/2026 2:39,874
6771439771153720000,10/12/2026 18:15,395
4844976662979380,10/8/2026 2:02,810
5100177063854160,8/10/2026 7:33,139
3586424140515430,07/25/2026 16:45,637
3554151665604950,08/26/2026 08:03,815
3572035315064440,05/25/2026 07:29,80
675961318961702000,4/4/2026 12:31,567
4917853161553130,4/3/2026 6:56,30
3574082970540430,05/22/2026 17:05,444
670627927238583000,08/16/2026 09:07,87
3589607981121440,5/6/2026 8:12,684
5513608558388530,4/7/2026 10:26,807
3573437031280110,03/19/2026 08:45,420
5602244181696420,6/8/2026 19:28,667
5291917650740860,06/20/2026 06:30,264
3584085515390380,09/17/2026 18:54,933
4175001788402330,06/23/2026 19:26,446
4026503795541150,05/23/2026 21:38,605
201887959709723,4/10/2026 3:42,845
3532033945322050,08/27/2026 13:52,783
5602233965975300,04/14/2026 15:43,7
4041596435089290,03/21/2026 22:03,192
3577011246411410,8/10/2026 7:16,440
501836160389361000,07/27/2026 17:24,42
3541041053162400,09/19/2026 19:25,473
3583075423880880,8/1/2026 7:34,372
560224797376506000,8/11/2026 21:57,423
5610208313136380,9/8/2026 23:18,277
4405512763919400,04/22/2026 12:46,75
3586077811276210,07/26/2026 21:10,160
36211264079386,05/28/2026 12:55,622
633110588130631000,5/2/2026 19:48,567
201607877371905,09/25/2026 19:11,343
201503333522001,07/22/2026 15:26,783
3554387660709320,08/15/2026 02:52,428
4844959846915960,07/29/2026 07:51,51
4175006447084840,09/26/2026 12:50,879
3529822933636940,5/11/2026 20:59,290
3573790605486180,07/18/2026 08:19,165
56022224644881000,05/14/2026 04:13,485
3580694631751360,06/28/2026 02:58,837
3531421368045650,6/10/2026 4:03,985
3581701489603820,06/14/2026 06:11,496
3544943671521620,07/14/2026 14:48,155
5100136432577760,03/25/2026 04:50,735
3545779970214070,05/27/2026 18:03,257
3586872913237970,09/23/2026 23:13,903
3529640886477650,04/23/2026 03:49,841
201601546183049,03/16/2026 11:20,738
6762571898469380,09/15/2026 07:47,885
5602250791235920,05/26/2026 13:22,164
201625184814102,8/1/2026 13:23,608
5602248400907450,8/6/2026 2:02,976
30299763125913,09/23/2026 03:07,995
3541923878113680,9/11/2026 6:02,349
3562257988769120,08/30/2026 05:50,471
5100145534177170,05/14/2026 08:30,751
3532300053717440,6/9/2026 0:12,851
4938324822891580,06/26/2026 18:18,764
5602229096436950,4/9/2026 13:07,885
5100132154619890,05/19/2026 00:26,209
30547142215783,8/1/2026 20:46,436
5018150396532870000,5/9/2026 6:27,790
3534875317976920,05/30/2026 21:41,957
3556592776982760,06/16/2026 10:26,160
5108751292629530,5/7/2026 20:57,121
30258260208101,06/22/2026 03:52,960
5038783098901250000,07/25/2026 01:12,731
3587376016221690,6/1/2026 21:27,436
501895911851874000,05/19/2026 01:17,2
4017951703941,03/30/2026 09:06,74
5018523907154560,05/29/2026 11:23,294
3579992713481880,7/7/2026 20:10,997
5556893197488420,07/31/2026 23:32,985
4903316654517760000,9/3/2026 16:31,131
5423205389859100,7/8/2026 9:28,472
5007660026174410,05/19/2026 20:59,719
374622267612645,9/3/2026 9:28,68
30099256448297,08/27/2026 02:51,451
3582304983043590,06/21/2026 05:11,853
3563810778678950,4/5/2026 10:41,492
3576822894572860,10/4/2026 5:41,152
3530872976343850,07/25/2026 17:44,416
3574838151906730,9/9/2026 12:00,475
3540061402625810,8/6/2026 0:36,314
3544627173989460,8/6/2026 15:08,642
6759355826287290,03/15/2026 01:52,771
3533523114014680,10/10/2026 0:45,77
493673010675044000,05/26/2026 02:32,639
5425689226779660,10/8/2026 21:52,747
3548006588974100,09/16/2026 19:10,175
375545293098365,06/27/2026 02:08,130
3532671223372210,06/29/2026 02:28,720
3585353084430040,09/21/2026 14:50,642
3565066613941740,04/17/2026 12:48,637
3529030520395280,5/7/2026 19:43,5
5123910408239810,06/22/2026 03:03,936
56022256683436400,10/11/2026 17:38,752
3557350803057910,10/4/2026 7:10,113
5602214995557580,09/17/2026 13:51,17
6379599468975180,09/13/2026 09:29,312
201822651497764,6/6/2026 7:00,156
3533211421036790,4/8/2026 14:06,118
4255569235607110,9/7/2026 0:48,294
3577753312551210,6/7/2026 14:03,683
5119068597287260,09/21/2026 03:03,949
3560791829988670,10/7/2026 14:36,125
201465918485048,8/10/2026 5:32,706
3549148799251700,10/1/2026 0:43,181
3569940282436720,9/11/2026 8:54,465
5121371785957830,6/7/2026 14:30,154
6759007939300590,09/19/2026 11:08,183
3575961354968030,9/12/2026 18:51,207
3537418562137270,8/6/2026 5:30,663
5602240812954250,5/3/2026 16:48,20
372384935490290,8/3/2026 23:33,27
5118180574392600,10/10/2026 10:09,556
30367201626170,09/21/2026 14:22,655
4903663236548890000,8/9/2026 1:53,579
5100142839749180,10/2/2026 21:33,435
3545992268090330,06/23/2026 07:12,303
372301918045651,03/30/2026 12:27,123
3528410346225890,03/24/2026 05:18,131
4026132225101190,08/16/2026 11:06,226
3532323868601600,08/16/2026 10:52,142
3529822824640870,03/24/2026 07:18,663
6759698401791130000,10/2/2026 9:37,718
3541518650758450,04/18/2026 13:16,720
374283695470708,7/6/2026 3:56,58
5100140049846420,9/6/2026 4:25,958
6331103455533160,06/28/2026 08:45,908
3571056558095900,5/2/2026 5:16,143
201858299507549,5/2/2026 0:43,724
490369958144833000,7/6/2026 5:17,224
372301995311950,05/20/2026 10:15,929
3582167521798430,03/29/2026 09:25,479
36510442605537,07/14/2026 06:56,437
3568396198883810,06/29/2026 22:35,591
5599747491349570,03/17/2026 05:54,376
633110997052008000,05/26/2026 00:29,31
4913984420747200,7/6/2026 5:22,530
50382401642445000,4/4/2026 10:25,911
5048375885992780,10/9/2026 19:06,988
36279976413607,7/6/2026 10:03,172
374622446023961,9/9/2026 9:26,120
3571064081755730,08/14/2026 10:25,640
5610732472062900000,05/25/2026 12:52,168
3582666862479360,9/3/2026 16:39,346
3547715702176120,07/21/2026 22:34,657
3565419337976090,4/9/2026 4:30,337
5048379460552970,10/2/2026 11:50,164
3536443669629510,4/11/2026 1:18,156
5109666407401940,07/16/2026 18:43,2
30032175704532,09/23/2026 15:00,659
36197081442032,10/10/2026 10:28,751
30337108298837,9/7/2026 21:24,346
201970572017375,08/21/2026 22:02,51
4041374650059,5/12/2026 2:28,977
3539817293254260,10/9/2026 16:40,407
3545629919680010,4/6/2026 6:30,829
5100176054314330,08/15/2026 10:37,462
5100175554435010,06/25/2026 06:09,431
3530370840279060,10/10/2026 6:00,866
36510989511007,5/3/2026 2:08,890
633432235023284000,8/10/2026 23:17,963
6761494139649330000,7/11/2026 2:34,450
4026305036239530,10/3/2026 0:30,794
374622570163252,09/14/2026 15:16,719
4911157415160470000,04/18/2026 02:31,535
5010127800205670,03/14/2026 14:46,470
3531083902826090,04/18/2026 05:50,520
6759564734492550000,04/26/2026 21:48,886
6379524644323860,08/23/2026 00:39,507
676728943211130000,6/10/2026 13:14,310
3561883602531510,07/16/2026 01:38,543
3538428515817730,03/14/2026 20:07,950
3529944904409350,08/13/2026 13:53,870
4017958166969,06/22/2026 04:35,267
3536195910951040,06/18/2026 16:37,784
3585266143243320,08/21/2026 03:23,538
4041377873005,08/15/2026 01:54,109
630447299801842000,8/2/2026 15:21,59
30118602516324,4/9/2026 8:01,792
3578590107557770,08/19/2026 22:24,520
3545013771574360,05/22/2026 10:00,701
3532085011075110,06/28/2026 01:30,275
6759948547154500,07/30/2026 23:56,280
3529502074619070,05/24/2026 18:08,5
60422348749413700,09/16/2026 13:10,884
4041375660016,05/25/2026 10:13,21
3559078213863580,09/28/2026 17:27,358
3541077929130960,04/17/2026 07:54,254
3583985844059430,8/12/2026 19:42,114
3555333536359890,10/1/2026 8:48,512
3581099469775940,9/2/2026 12:25,584
5100130264755050,09/28/2026 12:10,665
633470338514488000,8/11/2026 22:57,991
372301043944307,07/25/2026 05:52,541
5461209617575660,03/30/2026 01:34,486
67061407082598800,8/9/2026 0:34,998
6334940555356540000,04/18/2026 04:29,162
4405484074019110,10/7/2026 6:00,875
3561036241993530,05/13/2026 05:00,403
201569485002258,7/7/2026 15:48,890
5602234421306030,09/27/2026 03:33,640
3565957817667120,09/30/2026 08:57,238
633416646992402000,03/27/2026 11:45,194
6767551745144080000,03/17/2026 08:11,898
3556389677748110,9/6/2026 0:34,349
3541444954407950,06/16/2026 08:45,791
6761022565230570000,10/1/2026 1:30,795
3580692213098530,07/16/2026 08:28,479
56022530526509000,07/15/2026 20:21,763
5157794602481210,08/17/2026 09:28,561
3540816076902050,03/17/2026 06:43,662
3546728623536220,6/5/2026 17:49,609
4505078504459750,9/1/2026 14:24,342
3545738169970020,10/1/2026 17:46,914
5602230377571150000,08/13/2026 06:11,505
6763992169289130,05/28/2026 16:24,509
3540133164970190,5/3/2026 19:37,872
201450187021930,08/18/2026 00:17,597
3545408761068450,05/19/2026 14:01,281
6759941987865840,5/3/2026 13:20,144
201690734470086,4/3/2026 19:29,441
3554843866646140,09/14/2026 08:49,752
4844033943580240,7/6/2026 12:57,822
490512070313182000,04/18/2026 22:42,840
5020789585808010,05/24/2026 22:18,115
3564039192539880,4/12/2026 15:10,321
3559496376342960,07/24/2026 16:54,877
676333572821707000,5/6/2026 23:40,485
6370682179208840,7/10/2026 14:54,986
3541318937431090,06/28/2026 23:33,974
5048371610778160,09/24/2026 11:17,524
30054129782299,08/29/2026 07:38,202
675994101267451000,06/21/2026 08:07,581
3553335093307580,09/23/2026 21:36,802
3529315484279510,10/10/2026 7:51,702
3567427630062970,4/5/2026 9:23,468
3554016029430090,03/31/2026 09:01,690
5100147242979450,07/17/2026 06:22,932
6759686558268860000,5/1/2026 17:17,852
5454057059465810,07/31/2026 06:32,332
374622555357614,05/16/2026 19:20,936
5038113843499110000,04/28/2026 23:12,873
3558272805559020,7/10/2026 22:17,625
5602230281277700000,07/20/2026 06:35,198
6706395676482770,05/20/2026 00:00,370
3557487017859570,08/13/2026 23:52,687
3551497895327770,4/12/2026 10:40,375
3561753190904410,03/31/2026 07:28,34
3544575077327780,03/31/2026 13:10,182
30067243373761,08/24/2026 17:29,155
3542191854650460,07/13/2026 17:47,127
6333887501695160000,04/24/2026 17:05,788
4917561008597000,04/28/2026 04:34,839
5100147422439600,03/16/2026 07:24,892
30501357862854,7/5/2026 16:50,9
3581542454107180,08/17/2026 00:56,902
67069394526443900,07/29/2026 02:05,62
4026146283989710,03/21/2026 07:22,390
3563141480567370,04/15/2026 23:14,610
5602232707710380000,7/1/2026 11:00,623
5020033040354540,6/10/2026 12:56,299
5298675187233940,05/31/2026 15:22,141
3584025852807070,09/24/2026 09:43,765
3583796888947590,4/8/2026 6:30,909
3582727060414950,6/10/2026 14:52,427
201514596210697,10/4/2026 22:09,485
374288198990623,05/19/2026 19:43,815
3578297207879950,04/28/2026 09:05,539
3570102020711390,09/24/2026 00:03,421
3538625999175300,05/27/2026 22:09,230
4017954055117,10/4/2026 11:11,463
3546449721930180,09/19/2026 15:49,112
3551783719735350,6/11/2026 0:00,553
201407443385988,03/22/2026 18:41,625
3565583990338820,9/10/2026 10:57,132
560223345712247000,05/16/2026 14:07,29
201836951472228,09/29/2026 03:06,747
3566896079278520,09/28/2026 07:51,292
201877496164680,6/2/2026 11:46,66
3556784006993610,10/5/2026 22:04,281
560221144562536000,08/19/2026 23:25,155
201807231502035,09/20/2026 17:08,903
50384314109054500,4/7/2026 10:28,4
3543537610304310,4/2/2026 11:31,864
6761710193936180000,04/19/2026 12:57,664
4175008280735220,04/30/2026 21:02,229
5048373479970730,08/18/2026 08:55,9
3554456974454710,04/24/2026 07:32,515
374288203978126,07/23/2026 02:34,962
6331100124994400000,09/26/2026 13:02,326
6334061267527640000,7/12/2026 11:07,402
3552589748736030,06/13/2026 09:46,450
3558117442247100,6/11/2026 13:06,233
5610596579085200,4/1/2026 5:52,126
3561207497285430,08/16/2026 12:52,682
5038791116219360000,07/28/2026 06:28,217
6709056670835310,10/9/2026 7:20,680
67064678605173000,8/1/2026 2:40,193
3585237634207040,07/17/2026 11:47,608
30272302419238,7/3/2026 8:58,505
3540087273434410,5/10/2026 10:32,612
3540704297336840,9/7/2026 3:37,657
3553744998515920,04/30/2026 17:14,238
3559114372450240,4/3/2026 17:32,471
3562867551328350,5/6/2026 15:51,876
5602229331872930,7/12/2026 23:53,632
6399314788024630,05/31/2026 08:00,963
3581115297992270,6/11/2026 15:46,777
5366799502405290,9/9/2026 9:19,656
4264617082671220,04/22/2026 12:09,874
5602214552262590,05/23/2026 15:50,327
3543572126313120,07/22/2026 10:57,150
4913103621193190,07/23/2026 09:29,491
560222809857077000,6/7/2026 4:04,972
4905626211372820000,06/26/2026 04:04,964
3565134310057520,09/30/2026 14:11,829
3577942161889670,7/9/2026 12:14,965
3546522318567700,6/8/2026 20:17,656
3539934230917470,5/6/2026 13:46,792
3553539395139660,04/28/2026 15:14,812
4508163418270030,4/9/2026 1:45,167
342706275092822,07/31/2026 23:00,901
5463553615744080,6/4/2026 4:33,806
346823139227993,04/24/2026 18:33,574
58930171487797400,07/30/2026 07:39,241
5602216000724950,6/8/2026 0:14,939
501899138594993000,6/10/2026 9:40,564
3529318657922910,5/4/2026 11:25,203
3571261750155440,04/24/2026 11:09,441
490512541698374000,10/4/2026 3:56,115
5007669501392890,07/24/2026 13:29,576
5602226295992300,8/5/2026 6:45,324
5100170327912450,04/19/2026 15:05,881
633310488044922000,05/31/2026 05:11,513
3558756872376440,08/16/2026 05:24,780
3586007403233580,10/10/2026 7:02,835
560223312715435000,03/15/2026 12:58,90
349748619766797,7/11/2026 21:49,315
5100175788332400,05/28/2026 17:01,56
3538342540901690,7/3/2026 16:21,249
5038947500112680,04/23/2026 13:34,903
3572450752660980,08/13/2026 11:09,589
3543443649208860,08/18/2026 13:59,663
5602256040987380000,6/6/2026 3:24,984
3570867419706790,06/20/2026 00:39,108
67639996566960700,9/10/2026 20:37,333
6333577713142820,08/29/2026 10:32,778
5100170834782780,9/3/2026 23:20,645
5641829910104350,6/9/2026 1:48,548
5471468969912660,05/14/2026 15:37,391
5602245174748800000,8/3/2026 3:05,478
5602222695039570,05/24/2026 23:29,999
4175006628621700,10/13/2026 18:47,182
5602214688438420,04/27/2026 05:43,400
3572031468540180,04/21/2026 02:58,215
604558295900127000,9/1/2026 6:52,341
3550654249428830,10/7/2026 0:48,306
5464998728505350,07/18/2026 23:37,44
5198800538212780,4/10/2026 11:28,386
5602219543105930,8/2/2026 2:18,982
374622930420947,06/22/2026 23:36,846
372301887320036,6/11/2026 8:26,990
3578430302152370,08/23/2026 12:28,680
4041598569083890,05/24/2026 22:35,570
5425209685229780,07/29/2026 22:07,80
3532964457991370,07/26/2026 10:55,515
5610582625117690,09/26/2026 12:30,314
201570427873806,03/16/2026 04:03,380
4903435889741610,09/13/2026 15:03,235
