Payment_id,date,amount,CreditCard_number,Invoice_number
PAY_1,3/1/2021 4:30,39,4.91159E+18,IN82536826
PAY_2,3/1/2021 2:21,104,5.00236E+15,IN04857840
PAY_3,3/1/2021 15:34,22,5.10015E+15,IN17065187
PAY_4,3/1/2021 19:05,52,3.5847E+15,IN19749379
PAY_5,3/1/2021 3:24,12,3.56386E+15,IN33624116
PAY_6,3/1/2021 5:10,30,6.70927E+16,IN75571112
PAY_7,3/1/2021 1:16,32,5.10876E+15,IN59170420
PAY_8,3/1/2021 3:42,54,6.77115E+18,IN85406486
PAY_9,3/1/2021 8:22,72,3.58492E+15,IN04862587
PAY_10,3/1/2021 15:28,88,3.05312E+13,IN28465803
PAY_11,3/1/2021 3:25,52,4.91764E+15,IN72250932
PAY_12,3/1/2021 16:49,30,3.57652E+15,IN91294634
PAY_13,3/1/2021 12:33,18,3.56404E+15,IN72291634
PAY_14,3/1/2021 10:17,40,6.76344E+16,IN14862964
PAY_15,3/1/2021 21:30,18,3.57652E+15,IN42452707
PAY_16,3/1/2021 8:21,80,3.53997E+15,IN94118740
PAY_17,3/1/2021 8:30,50,6.76193E+17,IN30842285
PAY_18,3/1/2021 13:45,120,5.00236E+15,IN75239066
PAY_19,3/1/2021 16:09,40,3.54634E+15,IN17208572
PAY_20,3/1/2021 19:23,96,5.02091E+17,IN91614074
PAY_21,3/1/2021 7:08,70,3.5462E+15,IN91901954
PAY_22,3/1/2021 19:21,22,5.04838E+15,IN59220578
PAY_23,3/1/2021 3:21,16,2.01888E+14,IN34828934
PAY_24,3/1/2021 7:37,24,3.5871E+15,IN25859781
PAY_25,3/1/2021 23:58,5,5.60224E+15,IN79356843
PAY_26,3/1/2021 2:14,60,5.60223E+15,IN83633412
PAY_27,3/1/2021 22:51,64,4.91708E+15,IN94547935
PAY_28,3/1/2021 21:01,48,3.53335E+15,IN35740167
PAY_29,3/1/2021 11:11,54,3.57264E+15,IN49866057
PAY_30,3/1/2021 8:36,96,6.76791E+18,IN49405951
PAY_31,3/1/2021 3:10,50,5.64182E+15,IN43130899
PAY_32,3/1/2021 18:48,8,3.56049E+15,IN98101299
PAY_33,3/1/2021 20:35,110,3.57264E+15,IN50093934
PAY_34,3/1/2021 2:42,48,6.37005E+15,IN16137521
PAY_35,3/1/2021 6:19,14,3.57264E+15,IN99152144
PAY_36,3/1/2021 13:11,11,3.37942E+14,IN34849064
PAY_37,3/1/2021 13:30,65,5.60224E+15,IN95669938
PAY_38,3/1/2021 17:35,20,3.58299E+15,IN49258654
PAY_39,3/1/2021 4:20,42,5.10876E+15,IN47819867
PAY_40,3/1/2021 11:39,45,3.57264E+15,IN18374121
PAY_41,3/1/2021 14:02,72,3.54657E+15,IN16360652
PAY_42,3/1/2021 20:04,27,2.01611E+14,IN38977579
PAY_43,3/1/2021 19:33,10,3.01348E+13,IN20175909
PAY_44,3/1/2021 23:23,56,3.57264E+15,IN29194411
PAY_45,3/1/2021 23:30,77,3.74622E+14,IN23173152
PAY_46,3/1/2021 3:05,56,3.5847E+15,IN81844973
PAY_47,3/1/2021 17:35,48,3.02476E+13,IN55887663
PAY_48,3/1/2021 6:02,72,3.54153E+15,IN83160336
PAY_49,3/1/2021 6:41,12,3.54616E+15,IN42407053
PAY_50,3/1/2021 1:47,88,4.50826E+15,IN63491976
PAY_51,3/1/2021 11:10,35,6.76371E+15,IN43675521
PAY_52,3/1/2021 16:53,96,3.54153E+15,IN32227753
PAY_53,3/1/2021 20:21,64,3.52893E+15,IN04743107
PAY_54,3/1/2021 9:04,6,3.70728E+14,IN07158462
PAY_55,3/1/2021 2:53,54,3.55188E+15,IN93521149
PAY_56,3/1/2021 0:16,105,3.54153E+15,IN23249446
PAY_57,3/1/2021 18:23,36,3.57264E+15,IN67155074
PAY_58,3/1/2021 10:40,49,3.55591E+15,IN43272779
PAY_59,3/1/2021 18:25,40,3.05172E+13,IN90625797
PAY_60,3/1/2021 13:40,72,3.53022E+15,IN97254940
PAY_61,3/1/2021 11:03,12,3.02124E+13,IN32171958
PAY_62,3/1/2021 1:00,77,3.58964E+15,IN15113268
PAY_63,3/1/2021 12:32,140,3.02124E+13,IN77564727
PAY_64,3/1/2021 14:56,13,3.54153E+15,IN07796776
PAY_65,3/1/2021 4:29,8,3.74623E+14,IN65101244
PAY_66,3/1/2021 4:52,20,3.5391E+15,IN12372578
PAY_67,3/1/2021 21:06,80,3.5418E+15,IN50181905
PAY_68,3/1/2021 12:34,26,3.58279E+15,IN99678448
PAY_69,3/1/2021 17:00,28,6.04226E+15,IN76910875
PAY_70,3/1/2021 12:17,90,5.60222E+15,IN42079537
PAY_71,3/1/2021 6:05,99,3.58279E+15,IN47284709
PAY_72,3/1/2021 8:10,65,5.23702E+15,IN87614984
PAY_73,3/1/2021 13:57,98,3.56825E+15,IN40855862
PAY_74,3/1/2021 7:01,30,3.58279E+15,IN53140017
PAY_75,3/1/2021 17:30,48,6.30404E+15,IN82994869
PAY_76,3/1/2021 16:06,88,3.5281E+15,IN18379037
PAY_77,3/1/2021 1:19,20,4.175E+15,IN26445774
PAY_78,3/1/2021 14:35,84,5.53037E+15,IN99032886
PAY_79,3/1/2021 20:11,39,5.53423E+15,IN72235009
PAY_80,3/1/2021 17:22,13,5.13076E+15,IN18252229
PAY_81,3/1/2021 6:05,70,5.13076E+15,IN82321590
PAY_82,3/1/2021 10:07,54,3.53811E+15,IN58900895
PAY_83,3/1/2021 10:10,81,5.13076E+15,IN80329210
PAY_84,3/1/2021 21:43,20,3.02331E+13,IN50655158
PAY_85,3/1/2021 10:05,27,6.33446E+15,IN72720058
PAY_86,3/1/2021 18:17,72,4.04159E+15,IN84636510
PAY_87,3/1/2021 1:09,12,5.60224E+15,IN16551077
PAY_88,3/1/2021 1:43,48,6.37005E+15,IN59693329
PAY_89,3/1/2021 7:54,84,3.56482E+15,IN52816079
PAY_90,3/1/2021 17:47,55,3.55279E+15,IN51601246
PAY_91,3/1/2021 17:53,49,3.56139E+15,IN03560549
PAY_92,3/1/2021 20:09,33,6.39794E+15,IN02647820
PAY_93,3/1/2021 10:34,26,5.60224E+15,IN42461342
PAY_94,3/1/2021 12:59,36,3.53158E+15,IN71464767
PAY_95,3/1/2021 19:42,40,5.60224E+15,IN93191574
PAY_96,3/1/2021 17:09,60,5.60224E+15,IN30269266
PAY_97,3/1/2021 21:50,60,6.33462E+18,IN14925297
PAY_98,3/1/2021 10:39,27,6.30427E+16,IN32533530
PAY_99,3/1/2021 2:07,120,6.3311E+17,IN78425562
PAY_100,3/1/2021 17:24,80,5.31763E+15,IN29907239
PAY_101,3/1/2021 12:33,8,5.13076E+15,IN88828879
PAY_102,3/1/2021 15:43,33,4.91736E+15,IN57128446
PAY_103,3/1/2021 2:55,30,5.89385E+17,IN05955572
PAY_104,3/1/2021 4:09,40,3.029E+13,IN76497007
PAY_105,3/1/2021 17:44,14,3.05602E+13,IN75825488
PAY_106,3/1/2021 6:35,110,4.91736E+15,IN60152720
PAY_107,3/1/2021 1:51,104,6.37842E+15,IN05507118
PAY_108,3/1/2021 19:48,100,4.91736E+15,IN46135900
PAY_109,3/1/2021 2:41,35,5.89362E+17,IN40081309
PAY_110,3/1/2021 21:47,45,5.00236E+15,IN32951853
PAY_111,3/1/2021 10:32,72,6.33478E+17,IN48026113
PAY_112,3/1/2021 18:09,20,4.91139E+17,IN11813118
PAY_113,3/1/2021 17:10,21,3.04437E+13,IN60780559
PAY_114,3/1/2021 12:21,42,3.53176E+15,IN96388721
PAY_115,3/1/2021 17:00,56,5.43619E+15,IN51957434
PAY_116,3/1/2021 2:09,22,3.0013E+13,IN42242467
PAY_117,3/1/2021 11:05,42,6.33352E+17,IN00327209
PAY_118,3/1/2021 18:40,48,5.00236E+15,IN65223766
PAY_119,3/1/2021 1:15,120,3.54919E+15,IN98256421
PAY_120,3/1/2021 20:05,40,2.01829E+14,IN51054207
PAY_121,3/1/2021 7:34,135,5.03858E+16,IN24100787
PAY_122,3/1/2021 18:03,9,3.54644E+15,IN18997040
PAY_123,3/1/2021 15:39,20,2.01622E+14,IN67510961
PAY_124,3/1/2021 10:47,40,3.37942E+14,IN04494571
PAY_125,3/1/2021 19:37,33,2.01414E+14,IN22121727
PAY_126,3/1/2021 7:03,70,3.53041E+15,IN15763761
PAY_127,3/1/2021 16:13,30,5.10875E+15,IN20268279
PAY_128,3/1/2021 5:14,30,6.76209E+18,IN64422198
PAY_129,3/1/2021 7:37,126,5.60226E+18,IN18355073
PAY_130,3/1/2021 4:24,20,6.04059E+14,IN21470244
PAY_131,3/1/2021 10:07,81,6.70905E+16,IN85334329
PAY_132,3/1/2021 8:43,55,3.54772E+15,IN74555746
PAY_133,3/1/2021 16:07,104,6.76784E+18,IN13211865
PAY_134,3/1/2021 21:13,12,6.04059E+14,IN17684520
PAY_135,3/1/2021 10:26,64,2.01847E+14,IN86101980
PAY_136,3/1/2021 1:53,36,6.76307E+15,IN48161281
PAY_137,3/1/2021 11:12,55,3.57128E+15,IN96646100
PAY_138,3/1/2021 1:39,5,3.57976E+15,IN19552453
PAY_139,3/1/2021 3:37,52,3.57691E+15,IN18334222
PAY_140,3/1/2021 3:13,39,5.43064E+15,IN93682209
PAY_141,3/1/2021 3:02,10,3.57976E+15,IN92751255
PAY_142,3/1/2021 11:19,36,3.57976E+15,IN37224263
PAY_143,3/1/2021 0:11,45,3.029E+13,IN68910092
PAY_144,3/1/2021 19:39,64,5.61044E+17,IN44276310
PAY_145,3/1/2021 6:25,40,4.93616E+18,IN51905204
PAY_146,3/1/2021 21:00,72,3.55592E+15,IN09326083
PAY_147,3/1/2021 6:41,80,4.91184E+18,IN93851381
PAY_148,3/1/2021 22:46,72,3.0013E+13,IN34967318
PAY_149,3/1/2021 21:14,66,3.04437E+13,IN93113752
PAY_150,3/1/2021 7:40,52,3.58671E+15,IN25950186
PAY_151,3/1/2021 4:31,110,3.56251E+15,IN42071654
PAY_152,3/1/2021 20:04,20,3.57866E+15,IN55845609
PAY_153,3/1/2021 22:21,54,3.05853E+13,IN74970196
PAY_154,3/1/2021 14:18,24,3.56251E+15,IN11266744
PAY_155,3/1/2021 19:38,30,4.84486E+15,IN59046324
PAY_156,3/1/2021 13:31,72,3.72301E+14,IN57626354
PAY_157,3/1/2021 23:23,96,3.54084E+15,IN62091710
PAY_158,3/1/2021 22:15,90,4.91184E+18,IN09821626
PAY_159,3/1/2021 21:28,96,6.76703E+15,IN83768505
PAY_160,3/1/2021 7:19,24,3.56757E+15,IN46685598
PAY_161,3/1/2021 18:07,72,5.60226E+18,IN06573759
PAY_162,3/1/2021 21:30,99,5.00236E+15,IN52187343
PAY_163,3/1/2021 0:33,33,5.10876E+15,IN29159241
PAY_164,3/1/2021 8:15,65,6.75952E+17,IN15389009
PAY_165,3/1/2021 2:32,35,3.55786E+15,IN16532758
PAY_166,3/1/2021 10:37,9,5.02043E+15,IN61294820
PAY_167,3/1/2021 15:22,9,3.54893E+15,IN32893756
PAY_168,3/1/2021 14:49,35,2.01504E+14,IN75294421
PAY_169,3/1/2021 9:16,140,3.55671E+15,IN55757977
PAY_170,3/1/2021 22:56,49,3.54003E+15,IN06580823
PAY_171,3/1/2021 11:30,56,6.7673E+18,IN71635539
PAY_172,3/1/2021 21:28,72,6.33476E+15,IN73663547
PAY_173,3/1/2021 12:08,120,3.58519E+15,IN25570492
PAY_174,3/1/2021 11:37,99,5.10015E+15,IN46458730
PAY_175,3/1/2021 4:18,96,3.56225E+15,IN54954459
PAY_176,3/1/2021 5:32,16,5.60221E+15,IN53469072
PAY_177,3/1/2021 23:59,54,3.57806E+15,IN97958373
PAY_178,3/1/2021 16:56,120,5.10876E+15,IN86107598
PAY_179,3/1/2021 11:03,63,3.53266E+15,IN50904777
PAY_180,3/1/2021 11:25,96,5.10876E+15,IN00818086
PAY_181,3/1/2021 14:21,66,3.029E+13,IN70340259
PAY_182,3/1/2021 14:19,130,3.53146E+15,IN32399994
PAY_183,3/1/2021 21:35,16,6.39083E+15,IN09601389
PAY_184,3/1/2021 4:07,54,3.53546E+15,IN26940666
PAY_185,3/1/2021 15:19,85,3.56386E+15,IN22995484
PAY_186,3/1/2021 6:44,65,3.5655E+15,IN24573076
PAY_187,3/1/2021 9:30,28,3.54876E+15,IN96015120
PAY_188,3/1/2021 0:31,20,3.00063E+13,IN52365329
PAY_189,3/1/2021 22:01,20,5.00236E+15,IN50276358
PAY_190,3/1/2021 0:25,81,6.76313E+16,IN10618862
PAY_191,3/1/2021 18:58,130,5.61031E+15,IN17942040
PAY_192,3/1/2021 11:04,128,5.00236E+15,IN81046386
PAY_193,3/1/2021 22:49,40,5.60226E+16,IN73358584
PAY_194,3/1/2021 15:25,14,3.5719E+15,IN07637189
PAY_195,3/1/2021 6:44,72,3.5655E+15,IN00035102
PAY_196,3/1/2021 0:33,5,3.49844E+14,IN28451174
PAY_197,3/1/2021 7:52,72,3.74289E+14,IN26893466
PAY_198,3/1/2021 16:30,13,6.37617E+15,IN02000359
PAY_199,3/1/2021 17:17,65,6.33478E+17,IN54209654
PAY_200,3/1/2021 23:48,80,3.4811E+14,IN63080522
PAY_201,3/1/2021 10:45,72,5.18575E+15,IN94160620
PAY_202,3/1/2021 7:42,27,4.91318E+15,IN51781104
PAY_203,3/1/2021 1:17,60,3.54065E+15,IN86154617
PAY_204,3/1/2021 10:38,56,3.54094E+15,IN00193874
PAY_205,3/1/2021 23:15,63,3.5894E+15,IN09466815
PAY_206,3/1/2021 12:25,30,6.33467E+17,IN32383894
PAY_207,3/1/2021 7:09,120,5.54237E+15,IN22009198
PAY_208,3/1/2021 10:46,72,5.00236E+15,IN03042248
PAY_209,3/1/2021 22:01,120,6.30492E+16,IN10968634
PAY_210,3/1/2021 8:52,60,6.75993E+17,IN03974858
PAY_211,3/1/2021 3:17,66,3.55111E+15,IN18289509
PAY_212,3/1/2021 23:11,66,3.57029E+15,IN87359022
PAY_213,3/1/2021 12:24,5,3.58059E+15,IN69355370
PAY_214,3/1/2021 22:44,28,3.58059E+15,IN24311719
PAY_215,3/1/2021 23:27,30,3.00354E+13,IN79390056
PAY_216,3/1/2021 12:58,20,5.60223E+15,IN30419987
PAY_217,3/1/2021 7:48,30,5.60223E+15,IN95436788
PAY_218,3/1/2021 15:20,56,3.58499E+15,IN58920002
PAY_219,3/1/2021 5:49,45,5.61035E+15,IN40854923
PAY_220,3/1/2021 19:50,96,3.53455E+15,IN00581001
PAY_221,3/1/2021 2:54,70,6.70927E+16,IN04004401
PAY_222,3/1/2021 4:33,60,4.19853E+15,IN62512814
PAY_223,3/1/2021 3:06,70,3.74288E+14,IN02339431
PAY_224,3/1/2021 6:44,39,3.57401E+15,IN09859367
PAY_225,3/1/2021 20:15,60,3.55063E+15,IN21323485
PAY_226,3/1/2021 22:09,14,3.58615E+15,IN58299971
PAY_227,3/1/2021 12:59,90,3.5602E+15,IN49692804
PAY_228,3/1/2021 20:29,27,5.41247E+15,IN80727351
PAY_229,3/1/2021 19:53,90,3.58615E+15,IN28823749
PAY_230,3/1/2021 17:26,63,3.53014E+15,IN51997949
PAY_231,3/1/2021 3:20,49,3.58615E+15,IN60829149
PAY_232,3/1/2021 10:44,99,3.5549E+15,IN30027435
PAY_233,3/1/2021 23:22,56,6.75994E+15,IN36956977
PAY_234,3/1/2021 12:08,48,6.76326E+18,IN78309346
PAY_235,3/1/2021 7:38,49,3.53146E+15,IN09824425
PAY_236,3/1/2021 11:21,36,2.01929E+14,IN97806750
PAY_237,3/1/2021 10:21,72,6.75994E+15,IN31068229
PAY_238,3/1/2021 2:28,30,3.57424E+15,IN77728628
PAY_239,3/1/2021 4:06,9,5.60223E+15,IN71378020
PAY_240,3/1/2021 10:10,72,3.57783E+15,IN83495242
PAY_241,3/1/2021 7:02,24,3.53936E+15,IN07471893
PAY_242,3/1/2021 13:41,110,5.60225E+15,IN47483981
PAY_243,3/1/2021 19:43,12,6.30412E+15,IN30383941
PAY_244,3/1/2021 1:46,68,6.76153E+18,IN39322262
PAY_245,3/1/2021 1:14,90,3.57395E+15,IN19453410
PAY_246,3/1/2021 14:59,40,3.57242E+15,IN10834809
PAY_247,3/1/2021 13:34,12,3.54808E+15,IN26139205
PAY_248,3/1/2021 0:18,20,3.74289E+14,IN14846219
PAY_249,3/1/2021 13:54,52,2.01611E+14,IN63268737
PAY_250,3/1/2021 22:11,112,6.76204E+17,IN66738469
PAY_251,3/1/2021 17:21,10,3.57308E+15,IN81066761
PAY_252,3/1/2021 5:39,81,3.53171E+15,IN03280299
PAY_253,3/1/2021 13:20,22,6.04034E+15,IN30312634
PAY_254,3/1/2021 1:49,12,3.56887E+15,IN22151666
PAY_255,3/1/2021 17:47,80,3.542E+15,IN25212049
PAY_256,3/1/2021 14:16,112,3.57684E+15,IN90314334
PAY_257,3/1/2021 19:06,6,3.57395E+15,IN15649219
PAY_258,3/1/2021 1:11,72,3.57308E+15,IN08193736
PAY_259,3/1/2021 16:27,110,4.93607E+17,IN07507693
PAY_260,3/1/2021 16:10,72,6.75915E+15,IN86838952
PAY_261,3/1/2021 20:38,12,5.10876E+15,IN47652523
PAY_262,3/1/2021 10:06,117,5.60226E+18,IN53689722
PAY_263,3/1/2021 0:35,13,3.57497E+15,IN97125309
PAY_264,3/1/2021 10:34,21,3.57965E+15,IN11798651
PAY_265,3/1/2021 15:39,90,6.75915E+15,IN48547582
PAY_266,3/1/2021 17:28,90,3.54171E+15,IN99237824
PAY_267,3/1/2021 6:23,50,6.76344E+15,IN72567163
PAY_268,3/1/2021 5:26,24,3.58068E+15,IN71260695
PAY_269,3/1/2021 8:13,32,3.57395E+15,IN35038734
PAY_270,3/1/2021 19:11,100,6.33462E+18,IN73188374
PAY_271,3/1/2021 14:13,48,3.53385E+15,IN74661089
PAY_272,3/1/2021 18:49,55,5.60225E+15,IN88666929
PAY_273,3/1/2021 20:28,70,5.60222E+15,IN22694944
PAY_274,3/1/2021 6:57,117,4.9037E+18,IN44988394
PAY_275,3/1/2021 10:13,22,5.00236E+15,IN45662889
PAY_276,3/1/2021 7:37,15,6.75915E+15,IN17631742
PAY_277,3/1/2021 16:51,36,6.75994E+15,IN62313946
PAY_278,3/1/2021 23:30,64,5.60224E+15,IN32276428
PAY_279,3/1/2021 8:35,35,5.10018E+15,IN77560088
PAY_280,3/1/2021 14:34,40,3.37942E+14,IN20891255
PAY_281,3/1/2021 21:10,10,6.30449E+18,IN92429182
PAY_282,3/1/2021 0:47,72,5.00236E+15,IN66401134
PAY_283,3/1/2021 16:14,27,5.61069E+15,IN11278229
PAY_284,3/1/2021 10:32,60,3.56161E+15,IN71381997
PAY_285,3/1/2021 12:27,50,5.61069E+15,IN58574789
PAY_286,3/1/2021 22:09,8,3.54519E+15,IN25570433
PAY_287,3/1/2021 1:37,72,5.00236E+15,IN23944004
PAY_288,3/1/2021 19:28,42,6.76347E+15,IN27185997
PAY_289,3/1/2021 7:14,63,5.54554E+15,IN14622738
PAY_290,3/1/2021 14:46,77,5.00236E+15,IN19079201
PAY_291,3/1/2021 9:26,80,3.52884E+15,IN99390338
PAY_292,3/1/2021 4:50,45,5.60226E+18,IN93368770
PAY_293,3/1/2021 3:57,27,5.00236E+15,IN32530584
PAY_294,3/1/2021 1:02,10,3.05721E+13,IN73647761
PAY_295,3/1/2021 14:24,14,4.01795E+15,IN17371871
PAY_296,3/1/2021 11:03,11,3.58315E+15,IN14126430
PAY_297,3/1/2021 11:14,49,3.56604E+15,IN41093898
PAY_298,3/1/2021 21:55,24,5.60222E+15,IN62740782
PAY_299,3/1/2021 10:33,120,4.30578E+15,IN77058584
PAY_300,3/1/2021 13:54,63,3.55974E+15,IN47907056
PAY_301,3/1/2021 23:16,96,3.56604E+15,IN23067297
PAY_302,3/1/2021 11:17,24,3.57264E+15,IN72611537
PAY_303,3/1/2021 21:54,42,3.00504E+13,IN93564578
PAY_304,3/1/2021 22:16,20,3.53573E+15,IN50079626
PAY_305,3/1/2021 6:48,56,6.37883E+15,IN37301927
PAY_306,3/1/2021 14:15,72,5.34409E+15,IN18246500
PAY_307,3/1/2021 2:41,77,3.55781E+15,IN10603686
PAY_308,3/1/2021 14:19,88,6.3041E+17,IN02654460
PAY_309,3/1/2021 15:20,28,6.75939E+17,IN11289524
PAY_310,3/1/2021 6:28,24,6.76267E+15,IN15335224
PAY_311,3/1/2021 19:38,17,5.61044E+18,IN04647717
PAY_312,3/1/2021 13:49,36,5.53037E+15,IN35184175
PAY_313,3/1/2021 6:31,72,6.37991E+15,IN03722838
PAY_314,3/1/2021 10:12,50,3.56965E+15,IN60315712
PAY_315,3/1/2021 11:52,8,4.9037E+18,IN66337511
PAY_316,3/1/2021 18:44,28,4.93656E+18,IN75799927
PAY_317,4/1/2021 19:47,123,4.90576E+15,IN82536826
PAY_318,4/1/2021 7:17,10,5.00236E+15,IN04857840
PAY_319,4/1/2021 19:39,130,5.10015E+15,IN17065187
PAY_320,4/1/2021 3:20,16,3.5847E+15,IN19749379
PAY_321,4/1/2021 15:31,14,3.56386E+15,IN33624116
PAY_322,4/1/2021 11:48,96,6.70927E+16,IN75571112
PAY_323,4/1/2021 21:49,64,5.00236E+15,IN04857840
PAY_324,4/1/2021 20:30,51,5.10015E+15,IN17065187
PAY_325,4/1/2021 21:55,33,3.5847E+15,IN19749379
PAY_326,4/1/2021 23:51,30,3.56386E+15,IN33624116
PAY_327,4/1/2021 23:58,72,6.70927E+16,IN75571112
PAY_328,3/1/2021 2:54,97,5.00236E+15,IN63460202
PAY_329,3/1/2021 23:55,79,6.37001E+15,IN15331658
PAY_330,3/1/2021 5:02,13,2.01929E+14,IN75865341
PAY_331,3/1/2021 15:56,68,4.84486E+15,IN31043339
PAY_332,3/1/2021 7:19,26,3.54224E+15,IN19064747
PAY_333,3/1/2021 2:43,128,3.54153E+15,IN73972085
PAY_334,3/1/2021 21:27,54,3.57395E+15,IN27185927
PAY_335,3/1/2021 16:06,148,3.57395E+15,IN33190532
PAY_336,3/1/2021 23:38,14,3.55317E+15,IN15422727
PAY_337,3/1/2021 2:10,48,3.52904E+15,IN34107915
PAY_338,3/1/2021 17:50,79,6.75915E+15,IN55394758
PAY_339,3/1/2021 6:40,70,5.45722E+15,IN80273893
PAY_340,3/1/2021 15:56,108,5.10875E+15,IN51186942
PAY_341,3/1/2021 17:14,108,5.36035E+15,IN08612511
PAY_342,3/1/2021 11:48,4,5.60226E+16,IN23641681
PAY_343,3/1/2021 21:55,9,3.57401E+15,IN33684855
PAY_344,3/1/2021 9:35,76,5.5295E+15,IN44399437
PAY_345,3/1/2021 9:08,68,5.02091E+17,IN59189901
PAY_346,3/1/2021 8:27,61,3.56604E+15,IN08694723
PAY_347,3/1/2021 18:45,14,4.91139E+17,IN61847802
PAY_348,3/1/2021 11:16,70,3.54169E+15,IN55637763
PAY_349,3/1/2021 17:29,58,2.01493E+14,IN88299982
PAY_350,3/1/2021 2:02,9,5.60221E+15,IN02293644
PAY_351,3/1/2021 16:31,8,3.5344E+15,IN56822446
PAY_352,3/1/2021 14:12,20,3.55434E+15,IN09504649
PAY_353,3/1/2021 21:48,102,3.53989E+15,IN60564938
PAY_354,3/1/2021 18:57,47,3.5847E+15,IN40063440
PAY_355,4/1/2021 0:58,118,3.55434E+15,IN09504649
PAY_356,4/1/2021 20:07,31,3.53989E+15,IN60564938
PAY_357,4/1/2021 13:34,108,3.5847E+15,IN40063440
